route,routelink
Hyderabad to Vijayawada,https://www.redbus.in/bus-tickets/hyderabad-to-vijayawada
Vijayawada to Hyderabad,https://www.redbus.in/bus-tickets/vijayawada-to-hyderabad
Bangalore to Tirupati,https://www.redbus.in/bus-tickets/bangalore-to-tirupathi
Bangalore to Kadapa,https://www.redbus.in/bus-tickets/bangalore-to-kadapa
Kakinada to Visakhapatnam,https://www.redbus.in/bus-tickets/kakinada-to-visakhapatnam
Hyderabad to Ongole,https://www.redbus.in/bus-tickets/hyderabad-to-ongole
Ongole to Hyderabad,https://www.redbus.in/bus-tickets/ongole-to-hyderabad
Bangalore to Anantapur (andhra pradesh),https://www.redbus.in/bus-tickets/bangalore-to-ananthapur
Bangalore to Chittoor (Andhra Pradesh),https://www.redbus.in/bus-tickets/bangalore-to-chittoor-andhra-pradesh
Chittoor (Andhra Pradesh) to Bangalore,https://www.redbus.in/bus-tickets/chittoor-andhra-pradesh-to-bangalore
Hyderabad to Guntur (Andhra Pradesh),https://www.redbus.in/bus-tickets/hyderabad-to-guntur
Vijayawada to Visakhapatnam,https://www.redbus.in/bus-tickets/vijayawada-to-visakhapatnam
Hyderabad to Narasaraopet,https://www.redbus.in/bus-tickets/hyderabad-to-narsaraopet
Kadapa to Bangalore,https://www.redbus.in/bus-tickets/kadapa-to-bangalore
Narasaraopet to Hyderabad,https://www.redbus.in/bus-tickets/narsaraopet-to-hyderabad
Visakhapatnam to Kakinada,https://www.redbus.in/bus-tickets/visakhapatnam-to-kakinada
Bangalore to Kadiri,https://www.redbus.in/bus-tickets/bangalore-to-kadiri
Bangalore to Madanapalli,https://www.redbus.in/bus-tickets/bangalore-to-madanapalli
Madanapalli to Bangalore,https://www.redbus.in/bus-tickets/madanapalli-to-bangalore
Anantapur (andhra pradesh) to Bangalore,https://www.redbus.in/bus-tickets/ananthapur-to-bangalore
Hyderabad to Kurnool,https://www.redbus.in/bus-tickets/hyderabad-to-kurnool
Hyderabad to Vinukonda,https://www.redbus.in/bus-tickets/hyderabad-to-vinukonda
Rajahmundry to Visakhapatnam,https://www.redbus.in/bus-tickets/rajahmundry-to-visakhapatnam
Hyderabad to Eluru,https://www.redbus.in/bus-tickets/hyderabad-to-eluru
Guntur (Andhra Pradesh) to Hyderabad,https://www.redbus.in/bus-tickets/guntur-to-hyderabad
Hyderabad to Macherla (andhra pradesh),https://www.redbus.in/bus-tickets/hyderabad-to-macherla
Bangalore to Rayachoti,https://www.redbus.in/bus-tickets/bangalore-to-rayachoti
Hyderabad to Nandyal,https://www.redbus.in/bus-tickets/hyderabad-to-nandyala
Eluru to Hyderabad,https://www.redbus.in/bus-tickets/eluru-to-hyderabad
Tirupati to Bangalore,https://www.redbus.in/bus-tickets/tirupathi-to-bangalore
Vinukonda to Hyderabad,https://www.redbus.in/bus-tickets/vinukonda-to-hyderabad
Hyderabad to Anantapur (andhra pradesh),https://www.redbus.in/bus-tickets/hyderabad-to-ananthapur
Hyderabad to Markapuram,https://www.redbus.in/bus-tickets/hyderabad-to-markapuram
Bangalore to Nellore,https://www.redbus.in/bus-tickets/bangalore-to-nellore
Macherla (andhra pradesh) to Hyderabad,https://www.redbus.in/bus-tickets/macherla-to-hyderabad
Kadiri to Bangalore,https://www.redbus.in/bus-tickets/kadiri-to-bangalore
Nandyal to Hyderabad,https://www.redbus.in/bus-tickets/nandyala-to-hyderabad
Chennai to Tirupati,https://www.redbus.in/bus-tickets/chennai-to-tirupathi
Hyderabad to Rajahmundry,https://www.redbus.in/bus-tickets/hyderabad-to-rajahmundry
Rayachoti to Bangalore,https://www.redbus.in/bus-tickets/rayachoti-to-bangalore
Hyderabad to Addanki,https://www.redbus.in/bus-tickets/hyderabad-to-addanki
Chilakaluripet to Hyderabad,https://www.redbus.in/bus-tickets/chilakaluripet-to-hyderabad
Visakhapatnam to Vijayawada,https://www.redbus.in/bus-tickets/visakhapatnam-to-vijayawada
Rajahmundry to Hyderabad,https://www.redbus.in/bus-tickets/rajahmundry-to-hyderabad
Hyderabad to Chilakaluripet,https://www.redbus.in/bus-tickets/hyderabad-to-chilakaluripet
Visakhapatnam to Rajahmundry,https://www.redbus.in/bus-tickets/visakhapatnam-to-rajahmundry
Bangalore to Kurnool,https://www.redbus.in/bus-tickets/bangalore-to-kurnool
Vijayawada to Kurnool,https://www.redbus.in/bus-tickets/vijayawada-to-kurnool
Vijayawada to Rajahmundry,https://www.redbus.in/bus-tickets/vijayawada-to-rajahmundry
Hyderabad to Kanigiri,https://www.redbus.in/bus-tickets/hyderabad-to-kanigiri
Kozhikode to Ernakulam,https://www.redbus.in/bus-tickets/kozhikode-to-ernakulam
Bangalore to Kozhikode,https://www.redbus.in/bus-tickets/bangalore-to-kozhikode
Kozhikode to Bangalore,https://www.redbus.in/bus-tickets/kozhikode-to-bangalore
Ernakulam to Kozhikode,https://www.redbus.in/bus-tickets/ernakulam-to-kozhikode
Kozhikode to Mysore,https://www.redbus.in/bus-tickets/kozhikode-to-mysore
Mysore to Kozhikode,https://www.redbus.in/bus-tickets/mysore-to-kozhikode
Kozhikode to Thiruvananthapuram,https://www.redbus.in/bus-tickets/kozhikode-to-thiruvananthapuram
Kozhikode to Thrissur,https://www.redbus.in/bus-tickets/kozhikode-to-thrissur
Thiruvananthapuram to Kozhikode,https://www.redbus.in/bus-tickets/thiruvananthapuram-to-kozhikode
Bangalore to Kannur (Kerala),https://www.redbus.in/bus-tickets/bangalore-to-kannur
Thrissur to Kozhikode,https://www.redbus.in/bus-tickets/thrissur-to-kozhikode
Kannur (Kerala) to Bangalore,https://www.redbus.in/bus-tickets/kannur-to-bangalore
Kalpetta (kerala) to Bangalore,https://www.redbus.in/bus-tickets/kalpetta-to-bangalore
Bangalore to Kalpetta (kerala),https://www.redbus.in/bus-tickets/bangalore-to-kalpetta
Kozhikode to Kottayam,https://www.redbus.in/bus-tickets/kozhikode-to-kottayam
Kozhikode to Aluva,https://www.redbus.in/bus-tickets/kozhikode-to-aluva
Kalpetta (kerala) to Kozhikode,https://www.redbus.in/bus-tickets/kalpetta-to-kozhikode
Bareilly (Uttar Pradesh) to Delhi,https://www.redbus.in/bus-tickets/bareilly-to-delhi
Lucknow to Prayagraj(Uttar Pradesh),https://www.redbus.in/bus-tickets/lucknow-to-allahabad
Prayagraj(Uttar Pradesh) to Lucknow,https://www.redbus.in/bus-tickets/allahabad-to-lucknow
Delhi to Bareilly (Uttar Pradesh),https://www.redbus.in/bus-tickets/delhi-to-bareilly
Aligarh (uttar pradesh) to Delhi,https://www.redbus.in/bus-tickets/aligarh-uttar-pradesh-to-delhi
Lucknow to Bareilly (Uttar Pradesh),https://www.redbus.in/bus-tickets/lucknow-to-bareilly
Lucknow to Agra,https://www.redbus.in/bus-tickets/lucknow-to-agra
Ayodhya to Allahabad,https://www.redbus.in/bus-tickets/ayodhya-to-allahabad
Prayagraj(Uttar Pradesh) to Ayodhya,https://www.redbus.in/bus-tickets/allahabad-to-ayodhya
Bareilly (Uttar Pradesh) to Lucknow,https://www.redbus.in/bus-tickets/bareilly-to-lucknow
Delhi to Aligarh (uttar pradesh),https://www.redbus.in/bus-tickets/delhi-to-aligarh-uttar-pradesh
Farrukhabad (Uttar Pradesh) to Delhi,https://www.redbus.in/bus-tickets/farrukhabad-up-to-delhi
Prayagraj(Uttar Pradesh) to Varanasi,https://www.redbus.in/bus-tickets/allahabad-to-varanasi
Varanasi to Prayagraj(Uttar Pradesh),https://www.redbus.in/bus-tickets/varanasi-to-allahabad
Delhi to Farrukhabad (Uttar Pradesh),https://www.redbus.in/bus-tickets/delhi-to-farrukhabad-up
Lucknow to Delhi,https://www.redbus.in/bus-tickets/lucknow-to-delhi
Lucknow to Varanasi,https://www.redbus.in/bus-tickets/lucknow-to-varanasi
Varanasi to Lucknow,https://www.redbus.in/bus-tickets/varanasi-to-lucknow
Agra to Delhi,https://www.redbus.in/bus-tickets/agra-to-delhi
Pilibhit to Delhi,https://www.redbus.in/bus-tickets/pilibhit-to-delhi
Gorakhpur (uttar pradesh) to Lucknow,https://www.redbus.in/bus-tickets/gorakhpur-to-lucknow
Agra to Lucknow,https://www.redbus.in/bus-tickets/agra-to-lucknow
Moradabad to Delhi,https://www.redbus.in/bus-tickets/moradabad-to-delhi
Kanpur (Uttar Pradesh) to Bareilly (Uttar Pradesh),https://www.redbus.in/bus-tickets/kanpur-to-bareilly
Varanasi to Ayodhya,https://www.redbus.in/bus-tickets/varanasi-to-ayodhya
Lucknow to Kanpur (Uttar Pradesh),https://www.redbus.in/bus-tickets/lucknow-to-kanpur
Delhi to Badaun,https://www.redbus.in/bus-tickets/delhi-to-badaun
Delhi to Sitapur (Uttar Pradesh),https://www.redbus.in/bus-tickets/delhi-to-sitapur
Kanpur (Uttar Pradesh) to Jhansi(Uttar Pradesh),https://www.redbus.in/bus-tickets/kanpur-to-jhansi
Ayodhya to Varanasi,https://www.redbus.in/bus-tickets/ayodhya-to-varanasi
Delhi to Moradabad,https://www.redbus.in/bus-tickets/delhi-to-moradabad
Lucknow to Aligarh (uttar pradesh),https://www.redbus.in/bus-tickets/lucknow-to-aligarh-uttar-pradesh
Sitapur (Uttar Pradesh) to Delhi,https://www.redbus.in/bus-tickets/sitapur-to-delhi
Haldwani to Delhi,https://www.redbus.in/bus-tickets/haldwani-to-delhi
Agra to Bareilly (Uttar Pradesh),https://www.redbus.in/bus-tickets/agra-to-bareilly
Bareilly (Uttar Pradesh) to Agra,https://www.redbus.in/bus-tickets/bareilly-to-agra
Shahjahanpur (Uttar Pradesh) to Delhi,https://www.redbus.in/bus-tickets/shahjahanpur-to-delhi
Lucknow to Gorakhpur (uttar pradesh),https://www.redbus.in/bus-tickets/lucknow-to-gorakhpur
Aligarh (uttar pradesh) to Lucknow,https://www.redbus.in/bus-tickets/aligarh-to-lucknow
Delhi to Pilibhit,https://www.redbus.in/bus-tickets/delhi-to-pilibhit
Lucknow to Mathura,https://www.redbus.in/bus-tickets/lucknow-to-mathura
Varanasi to Gorakhpur (uttar pradesh),https://www.redbus.in/bus-tickets/varanasi-to-gorakhpur
Delhi to Agra,https://www.redbus.in/bus-tickets/delhi-to-agra
Lucknow to Ayodhya,https://www.redbus.in/bus-tickets/lucknow-to-ayodhya
Badaun to Delhi,https://www.redbus.in/bus-tickets/badaun-to-delhi
Agra to Aligarh (uttar pradesh),https://www.redbus.in/bus-tickets/agra-to-aligarh-uttar-pradesh
Delhi to Haldwani,https://www.redbus.in/bus-tickets/delhi-to-haldwani
Delhi to Lucknow,https://www.redbus.in/bus-tickets/delhi-to-lucknow
Hyderabad to Vijayawada,https://www.redbus.in/bus-tickets/hyderabad-to-vijayawada
Hyderabad to Khammam,https://www.redbus.in/bus-tickets/hyderabad-to-khammam
Khammam to Hyderabad,https://www.redbus.in/bus-tickets/khammam-to-hyderabad
Hyderabad to Srisailam,https://www.redbus.in/bus-tickets/hyderabad-to-srisailam
Hyderabad to Karimnagar,https://www.redbus.in/bus-tickets/hyderabad-to-karimnagar
Hyderabad to Mancherial,https://www.redbus.in/bus-tickets/hyderabad-to-mancherial
Hyderabad to Sathupally,https://www.redbus.in/bus-tickets/hyderabad-to-sathupalli
Hyderabad to Adilabad,https://www.redbus.in/bus-tickets/hyderabad-to-adilabad
Hyderabad to Nirmal,https://www.redbus.in/bus-tickets/hyderabad-to-nirmal
Hyderabad to Bhadrachalam,https://www.redbus.in/bus-tickets/hyderabad-to-bhadrachalam
Karimnagar to Hyderabad,https://www.redbus.in/bus-tickets/karimnagar-to-hyderabad
Hyderabad to Ongole,https://www.redbus.in/bus-tickets/hyderabad-to-ongole
Hyderabad to Kothagudem,https://www.redbus.in/bus-tickets/hyderabad-to-kothagudem
Hyderabad to Visakhapatnam,https://www.redbus.in/bus-tickets/hyderabad-to-visakhapatnam
Hyderabad to Guntur (Andhra Pradesh),https://www.redbus.in/bus-tickets/hyderabad-to-guntur
Hyderabad to Tirupati,https://www.redbus.in/bus-tickets/hyderabad-to-tirupathi
Kothagudem to Hyderabad,https://www.redbus.in/bus-tickets/kothagudem-to-hyderabad
Guntur (Andhra Pradesh) to Hyderabad,https://www.redbus.in/bus-tickets/guntur-to-hyderabad
Hyderabad to Warangal,https://www.redbus.in/bus-tickets/hyderabad-to-warangal
Hyderabad to Anantapur (andhra pradesh),https://www.redbus.in/bus-tickets/hyderabad-to-ananthapur
Hyderabad to Godavarikhani,https://www.redbus.in/bus-tickets/hyderabad-to-godavarikhani
Hyderabad to Armoor,https://www.redbus.in/bus-tickets/hyderabad-to-armoor
Hyderabad to Kodad,https://www.redbus.in/bus-tickets/hyderabad-to-kodad
Hyderabad to Nizamabad,https://www.redbus.in/bus-tickets/hyderabad-to-nizamabad
Hyderabad to Jagityal,https://www.redbus.in/bus-tickets/hyderabad-to-jagityal
Jagityal to Hyderabad,https://www.redbus.in/bus-tickets/jagityal-to-hyderabad
Godavarikhani to Hyderabad,https://www.redbus.in/bus-tickets/godavarikhani-to-hyderabad
Hyderabad to Rajahmundry,https://www.redbus.in/bus-tickets/hyderabad-to-rajahmundry
Hyderabad to Palavancha (palwancha),https://www.redbus.in/bus-tickets/hyderabad-to-palvancha
Kodad to Hyderabad,https://www.redbus.in/bus-tickets/kodad-to-hyderabad
Udaipur to Jodhpur,https://www.redbus.in/bus-tickets/udaipur-to-jodhpur
Jodhpur to Ajmer,https://www.redbus.in/bus-tickets/jodhpur-to-ajmer
Beawar (Rajasthan) to Jaipur (Rajasthan),https://www.redbus.in/bus-tickets/beawer-to-jaipur
Sikar to Jaipur (Rajasthan),https://www.redbus.in/bus-tickets/sikar-to-jaipur
Jaipur (Rajasthan) to Jodhpur,https://www.redbus.in/bus-tickets/jaipur-to-jodhpur
Aligarh (uttar pradesh) to Jaipur (Rajasthan),https://www.redbus.in/bus-tickets/aligarh-uttar-pradesh-to-jaipur
Jaipur (Rajasthan) to Aligarh (uttar pradesh),https://www.redbus.in/bus-tickets/jaipur-to-aligarh-uttar-pradesh
Jodhpur to Beawar (Rajasthan),https://www.redbus.in/bus-tickets/jodhpur-to-beawer
Jaipur (Rajasthan) to Pilani,https://www.redbus.in/bus-tickets/jaipur-to-pilani
Kishangarh to Jaipur (Rajasthan),https://www.redbus.in/bus-tickets/kishangarh-to-jaipur
Pali (Rajasthan) to Udaipur,https://www.redbus.in/bus-tickets/pali-to-udaipur
Udaipur to Pali (Rajasthan),https://www.redbus.in/bus-tickets/udaipur-to-pali-rajasthan
Kota(Rajasthan) to Udaipur,https://www.redbus.in/bus-tickets/kota-rajasthan-to-udaipur
Jaipur (Rajasthan) to Bhilwara,https://www.redbus.in/bus-tickets/jaipur-to-bhilwara
Sikar to Bikaner,https://www.redbus.in/bus-tickets/sikar-to-bikaner
Jaipur (Rajasthan) to Bharatpur,https://www.redbus.in/bus-tickets/jaipur-to-bharatpur
Jaipur (Rajasthan) to Mathura,https://www.redbus.in/bus-tickets/jaipur-to-mathura
Jaipur (Rajasthan) to Kota(Rajasthan),https://www.redbus.in/bus-tickets/jaipur-to-kota-rajasthan
Delhi to Shimla,https://www.redbus.in/bus-tickets/delhi-to-shimla
Shimla to Delhi,https://www.redbus.in/bus-tickets/shimla-to-delhi
Chandigarh to Hamirpur (Himachal Pradesh),https://www.redbus.in/bus-tickets/chandigarh-to-hamirpur-himachal-pradesh
Hamirpur (Himachal Pradesh) to Chandigarh,https://www.redbus.in/bus-tickets/hamirpur-himachal-pradesh-to-chandigarh
Delhi to Chandigarh,https://www.redbus.in/bus-tickets/delhi-to-chandigarh
Manali to Chandigarh,https://www.redbus.in/bus-tickets/manali-to-chandigarh
Shimla to Chandigarh,https://www.redbus.in/bus-tickets/shimla-to-chandigarh
Chandigarh to Manali,https://www.redbus.in/bus-tickets/chandigarh-to-manali
Shimla to Manali,https://www.redbus.in/bus-tickets/shimla-to-manali
Dharamshala (Himachal Pradesh) to Chandigarh,https://www.redbus.in/bus-tickets/dharamshala-to-chandigarh
Delhi to Manali,https://www.redbus.in/bus-tickets/delhi-to-manali
Chandigarh to Dharamshala (Himachal Pradesh),https://www.redbus.in/bus-tickets/chandigarh-to-dharamshala
Chamba (Himachal Pradesh) to Chandigarh,https://www.redbus.in/bus-tickets/chamba-himachal-pradesh-to-chandigarh
Manali to Delhi,https://www.redbus.in/bus-tickets/manali-to-delhi
Delhi to Hamirpur (Himachal Pradesh),https://www.redbus.in/bus-tickets/delhi-to-hamirpur-himachal-pradesh
Hamirpur (Himachal Pradesh) to Delhi,https://www.redbus.in/bus-tickets/hamirpur-himachal-pradesh-to-delhi
Solan to Delhi,https://www.redbus.in/bus-tickets/solan-to-delhi
Delhi to Chamba (Himachal Pradesh),https://www.redbus.in/bus-tickets/delhi-to-chamba-himachal-pradesh
Chandigarh to Kullu,https://www.redbus.in/bus-tickets/chandigarh-to-kullu
Kangra to Chandigarh,https://www.redbus.in/bus-tickets/kangra-to-chandigarh
Chandigarh to Reckong Peo (Himachal Pradesh),https://www.redbus.in/bus-tickets/chandigarh-to-reckong-peo-himachal-pradesh
Delhi to Nalagarh,https://www.redbus.in/bus-tickets/delhi-to-nalagarh
Delhi to Solan,https://www.redbus.in/bus-tickets/delhi-to-solan
Manali to Shimla,https://www.redbus.in/bus-tickets/manali-to-shimla
Chamba (Himachal Pradesh) to Delhi,https://www.redbus.in/bus-tickets/chamba-himachal-pradesh-to-delhi
Shimla to Dehradun,https://www.redbus.in/bus-tickets/shimla-to-dehradun
Palampur to Chandigarh,https://www.redbus.in/bus-tickets/palampur-to-chandigarh
Ghumarwin to Chandigarh,https://www.redbus.in/bus-tickets/ghumarwin-to-chandigarh
Dharamshala (Himachal Pradesh) to Shimla,https://www.redbus.in/bus-tickets/dharamshala-to-shimla
Kullu to Shimla,https://www.redbus.in/bus-tickets/kullu-to-shimla
Shimla to Dharamshala (Himachal Pradesh),https://www.redbus.in/bus-tickets/shimla-to-dharamshala
Delhi to Bilaspur (Himachal Pradesh),https://www.redbus.in/bus-tickets/delhi-to-bilaspur-himachal-pradesh
Delhi to Dharamshala (Himachal Pradesh),https://www.redbus.in/bus-tickets/delhi-to-dharamshala
Chandigarh to Kangra,https://www.redbus.in/bus-tickets/chandigarh-to-kangra
Delhi to Dalhousie,https://www.redbus.in/bus-tickets/delhi-to-dalhousie
Sunder Nagar (Himachal Pradesh) to Delhi,https://www.redbus.in/bus-tickets/sundernagar-himachal-pradesh-to-delhi
Sunder Nagar (Himachal Pradesh) to Chandigarh,https://www.redbus.in/bus-tickets/sundernagar-himachal-pradesh-to-chandigarh
Shimla to Kullu,https://www.redbus.in/bus-tickets/shimla-to-kullu
Delhi to Sarkaghat,https://www.redbus.in/bus-tickets/delhi-to-sarkaghat
Delhi to Baddi (Himachal Pradesh),https://www.redbus.in/bus-tickets/delhi-to-baddi-himachal-pradesh
Delhi to Patiala,https://www.redbus.in/bus-tickets/delhi-to-patiala
Patiala to Delhi,https://www.redbus.in/bus-tickets/patiala-to-delhi
Ludhiana to Delhi,https://www.redbus.in/bus-tickets/ludhiana-to-delhi
Delhi to Ludhiana,https://www.redbus.in/bus-tickets/delhi-to-ludhiana
Ludhiana to Delhi Airport,https://www.redbus.in/bus-tickets/ludhiana-to-delhi-airport
Delhi to Jalandhar,https://www.redbus.in/bus-tickets/delhi-to-jalandhar
Jalandhar to Delhi Airport,https://www.redbus.in/bus-tickets/jalandhar-to-delhi-airport
Jalandhar to Delhi,https://www.redbus.in/bus-tickets/jalandhar-to-delhi
Delhi Airport to Patiala,https://www.redbus.in/bus-tickets/delhi-airport-to-patiala
Delhi Airport to Ludhiana,https://www.redbus.in/bus-tickets/delhi-airport-to-ludhiana
Phagwara to Delhi,https://www.redbus.in/bus-tickets/phagwara-to-delhi
Phagwara to Delhi Airport,https://www.redbus.in/bus-tickets/phagwara-to-delhi-airport
Delhi Airport to Jalandhar,https://www.redbus.in/bus-tickets/delhi-airport-to-jalandhar
Amritsar to Delhi Airport,https://www.redbus.in/bus-tickets/amritsar-to-delhi-airport
Amritsar to Delhi,https://www.redbus.in/bus-tickets/amritsar-to-delhi
Delhi Airport to Phagwara,https://www.redbus.in/bus-tickets/delhi-airport-to-phagwara
Guwahati to Tezpur,https://www.redbus.in/bus-tickets/guwahati-to-tezpur
Guwahati to Nagaon (Assam),https://www.redbus.in/bus-tickets/guwahati-to-nagaon
Guwahati to Dhubri,https://www.redbus.in/bus-tickets/guwahati-to-dhubri
Jorhat to North Lakhimpur,https://www.redbus.in/bus-tickets/jorhat-to-north-lakhimpur
North Lakhimpur to Sibsagar (Assam),https://www.redbus.in/bus-tickets/north-lakhimpur-to-sibsagar
Dhubri to Guwahati,https://www.redbus.in/bus-tickets/dhubri-to-guwahati
North Lakhimpur to Jorhat,https://www.redbus.in/bus-tickets/north-lakhimpur-to-jorhat
Goalpara to Guwahati,https://www.redbus.in/bus-tickets/goalpara-to-guwahati
Sibsagar (Assam) to North Lakhimpur,https://www.redbus.in/bus-tickets/sibsagar-to-north-lakhimpur
Jorhat to Dibrugarh,https://www.redbus.in/bus-tickets/jorhat-to-dibrugarh
Dhekiajuli to Guwahati,https://www.redbus.in/bus-tickets/dhekiajuli-to-guwahati
Dhemaji to Jorhat,https://www.redbus.in/bus-tickets/dhemaji-to-jorhat
Jorhat to Tinsukia,https://www.redbus.in/bus-tickets/jorhat-to-tinsukia
Jorhat to Dhemaji,https://www.redbus.in/bus-tickets/jorhat-to-dhemaji
Dibrugarh to Tezpur,https://www.redbus.in/bus-tickets/dibrugarh-to-tezpur
Dibrugarh to Jorhat,https://www.redbus.in/bus-tickets/dibrugarh-to-jorhat
Guwahati to Biswanath Charali,https://www.redbus.in/bus-tickets/guwahati-to-biswanath-charali
Dibrugarh to North Lakhimpur,https://www.redbus.in/bus-tickets/dibrugarh-to-north-lakhimpur
Guwahati to Gohpur,https://www.redbus.in/bus-tickets/guwahati-to-gohpur
Tezpur to Moran,https://www.redbus.in/bus-tickets/tezpur-to-moran
Tezpur to North Lakhimpur,https://www.redbus.in/bus-tickets/tezpur-to-north-lakhimpur
Guwahati to North Lakhimpur,https://www.redbus.in/bus-tickets/guwahati-to-north-lakhimpur
Tinsukia to Jorhat,https://www.redbus.in/bus-tickets/tinsukia-to-jorhat
Guwahati to Kaliabor,https://www.redbus.in/bus-tickets/guwahati-to-kaliabor
North Lakhimpur to Moran,https://www.redbus.in/bus-tickets/north-lakhimpur-to-moran
Jorhat to Gogamukh,https://www.redbus.in/bus-tickets/jorhat-to-gogamukh
Tinsukia to Tezpur,https://www.redbus.in/bus-tickets/tinsukia-to-tezpur
Moran to North Lakhimpur,https://www.redbus.in/bus-tickets/moran-to-north-lakhimpur
Golaghat to North Lakhimpur,https://www.redbus.in/bus-tickets/golaghat-to-north-lakhimpur
Dibrugarh to Biswanath Charali,https://www.redbus.in/bus-tickets/dibrugarh-to-biswanath-charali
Gohpur to Guwahati,https://www.redbus.in/bus-tickets/gohpur-to-guwahati
Sibsagar (Assam) to Dhemaji,https://www.redbus.in/bus-tickets/sibsagar-to-dhemaji
Guwahati to Bihpuria,https://www.redbus.in/bus-tickets/guwahati-to-bihpuria
Bokakhat to Dibrugarh,https://www.redbus.in/bus-tickets/bokakhat-to-dibrugarh
Tumuki (Tezpur Medical) to Guwahati,https://www.redbus.in/bus-tickets/tumuki-tezpur-medical-to-guwahati
Bihpuria to Dibrugarh,https://www.redbus.in/bus-tickets/bihpuria-to-dibrugarh
Dibrugarh to Bokakhat,https://www.redbus.in/bus-tickets/dibrugarh-to-bokakhat
Shillong to Guwahati,https://www.redbus.in/bus-tickets/shillong-to-guwahati
Guwahati to Shillong,https://www.redbus.in/bus-tickets/guwahati-to-shillong
Shillong to Tura (Meghalaya),https://www.redbus.in/bus-tickets/shillong-to-tura-meghalaya
Tura (Meghalaya) to Shillong,https://www.redbus.in/bus-tickets/tura-meghalaya-to-shillong
Shillong to Phulbari,https://www.redbus.in/bus-tickets/shillong-to-phulbari
Shillong to Silchar,https://www.redbus.in/bus-tickets/shillong-to-silchar
Shillong to Williamnagar (Meghalaya),https://www.redbus.in/bus-tickets/shillong-to-williamnagar-meghalaya
Shillong to Karimganj,https://www.redbus.in/bus-tickets/shillong-to-karimganj
Williamnagar (Meghalaya) to Shillong,https://www.redbus.in/bus-tickets/williamnagar-meghalaya-to-shillong
Silchar to Shillong,https://www.redbus.in/bus-tickets/silchar-to-shillong
Shillong to Hailakandi,https://www.redbus.in/bus-tickets/shillong-to-hailakandi
Karimganj to Shillong,https://www.redbus.in/bus-tickets/karimganj-to-shillong
Shillong to Ramkrishnanagar,https://www.redbus.in/bus-tickets/shillong-to-ramkrishnanagar
Phulbari to Shillong,https://www.redbus.in/bus-tickets/phulbari-to-shillong
Hailakandi to Shillong,https://www.redbus.in/bus-tickets/hailakandi-to-shillong
Ramkrishnanagar to Shillong,https://www.redbus.in/bus-tickets/ramkrishnanagar-to-shillong
Nongpoh to Phulbari,https://www.redbus.in/bus-tickets/nongpoh-to-phulbari
Tikrikilla to Shillong,https://www.redbus.in/bus-tickets/tikrikilla-to-shillong
Nongpoh to Guwahati,https://www.redbus.in/bus-tickets/nongpoh-to-guwahati
Ahmedabad to Ganganagar (Sri Ganganagar),https://www.redbus.in/bus-tickets/ahmedabad-to-ganganagar
Sirohi (Rajasthan) to Bikaner,https://www.redbus.in/bus-tickets/sirohi-to-bikaner
Ahmedabad to Bikaner,https://www.redbus.in/bus-tickets/ahmedabad-to-bikaner
Jodhpur to Bikaner,https://www.redbus.in/bus-tickets/jodhpur-to-bikaner
Jodhpur to Hanumangarh,https://www.redbus.in/bus-tickets/jodhpur-to-hanumangarh
Sumerpur (Rajasthan) to Bikaner,https://www.redbus.in/bus-tickets/sumerpur-to-bikaner
Jodhpur to Suratgarh,https://www.redbus.in/bus-tickets/jodhpur-to-suratgarh
Abu Road to Bikaner,https://www.redbus.in/bus-tickets/abu-road-to-bikaner
Ahmedabad to Suratgarh,https://www.redbus.in/bus-tickets/ahmedabad-to-suratgarh
Sirohi (Rajasthan) to Jodhpur,https://www.redbus.in/bus-tickets/sirohi-to-jodhpur
Mehsana to Ganganagar (Sri Ganganagar),https://www.redbus.in/bus-tickets/mehsana-to-ganganagar
Ahmedabad to Sirohi (Rajasthan),https://www.redbus.in/bus-tickets/ahmedabad-to-sirohi
Palanpur to Hanumangarh,https://www.redbus.in/bus-tickets/palanpur-to-hanumangarh
Ahmedabad to Hanumangarh,https://www.redbus.in/bus-tickets/ahmedabad-to-hanumangarh
Sirohi (Rajasthan) to Ganganagar (Sri Ganganagar),https://www.redbus.in/bus-tickets/sirohi-to-ganganagar
Swaroopganj to Bikaner,https://www.redbus.in/bus-tickets/swaroopganj-to-bikaner
Pali (Rajasthan) to Bikaner,https://www.redbus.in/bus-tickets/pali-rajasthan-to-bikaner
Mehsana to Hanumangarh,https://www.redbus.in/bus-tickets/mehsana-to-hanumangarh
Sirohi (Rajasthan) to Suratgarh,https://www.redbus.in/bus-tickets/sirohi-to-suratgarh
Ahmedabad to Pilibanga,https://www.redbus.in/bus-tickets/ahmedabad-to-pili-bhanga
Abu Road to Hanumangarh,https://www.redbus.in/bus-tickets/abu-road-to-hanumangarh
Ahmedabad to Jodhpur,https://www.redbus.in/bus-tickets/ahmedabad-to-jodhpur
Sumerpur (Rajasthan) to Hanumangarh,https://www.redbus.in/bus-tickets/sumerpur-to-hanumangarh
Unjha to Jodhpur,https://www.redbus.in/bus-tickets/unjha-to-jodhpur
Mehsana to Palanpur,https://www.redbus.in/bus-tickets/mehsana-to-palanpur
Mehsana to Pali (Rajasthan),https://www.redbus.in/bus-tickets/mehsana-to-pali-rajasthan
Sirohi Road (Rajasthan) to Hanumangarh,https://www.redbus.in/bus-tickets/sirohi-road-rajasthan-to-hanumangarh
Abu Road to Mahajan,https://www.redbus.in/bus-tickets/abu-road-to-mahajan
Jodhpur to Ganganagar (Sri Ganganagar),https://www.redbus.in/bus-tickets/jodhpur-to-ganganagar
Palanpur to Ganganagar (Sri Ganganagar),https://www.redbus.in/bus-tickets/palanpur-to-ganganagar
Ahmedabad to Sirohi Road (Rajasthan),https://www.redbus.in/bus-tickets/ahmedabad-to-sirohi-road-rajasthan
Sumerpur (Rajasthan) to Arjunsar,https://www.redbus.in/bus-tickets/sumerpur-to-arjunsar
Sidhpur (gujarat) to Jodhpur,https://www.redbus.in/bus-tickets/sidhpur-to-jodhpur
Sanderao to Deshnokh,https://www.redbus.in/bus-tickets/sanderao-to-deshnokh
Palanpur to Bikaner,https://www.redbus.in/bus-tickets/palanpur-to-bikaner
Abu Road to Suratgarh,https://www.redbus.in/bus-tickets/abu-road-to-suratgarh
Ahmedabad to Mehsana,https://www.redbus.in/bus-tickets/ahmedabad-to-mehsana
Unjha to Hanumangarh,https://www.redbus.in/bus-tickets/unjha-to-hanumangarh
Ahmedabad to Palanpur,https://www.redbus.in/bus-tickets/ahmedabad-to-palanpur
Sirohi (Rajasthan) to Hanumangarh,https://www.redbus.in/bus-tickets/sirohi-to-hanumangarh
Shivganj to Nokha,https://www.redbus.in/bus-tickets/shivganj-to-nokha
Pindwara to Nokha,https://www.redbus.in/bus-tickets/pindwara-to-nokha
Unjha to Suratgarh,https://www.redbus.in/bus-tickets/unjha-to-suratgarh
Palanpur to Pali (Rajasthan),https://www.redbus.in/bus-tickets/palanpur-to-pali-rajasthan
Abu Road to Ganganagar (Sri Ganganagar),https://www.redbus.in/bus-tickets/abu-road-to-ganganagar
Sirohi Road (Rajasthan) to Jodhpur,https://www.redbus.in/bus-tickets/sirohi-road-rajasthan-to-jodhpur
Pali (Rajasthan) to Hanumangarh,https://www.redbus.in/bus-tickets/pali-to-hanumangarh
